{"cameraMode":{"drawMode":0,"name":"Shaded","section":"Shading Mode"},"sceneLighting":true,"audioPlay":false,"sceneViewState":{"showFog":true,"showMaterialUpdate":false,"showSkybox":true,"showFlares":true,"showImageEffects":true,"showParticleSystems":true,"showVisualEffectGraphs":true,"m_FxEnabled":true},"in2DMode":false,"pivot":{"x":-1.6850954294204713,"y":0.0634375810623169,"z":1.872756004333496},"rotation":{"x":-0.0022562742233276369,"y":0.9970191717147827,"z":0.07159644365310669,"w":0.030211038887500764},"size":0.34244900941848757,"orthographic":false}